datetime,ticker,price

2026-03-11 09:29:16.703493,4568.T,2854.5
2026-03-11 09:29:16.703493,7011.T,4616.0
2026-03-11 09:29:16.703493,8035.T,40530.0
2026-03-11 09:58:53.050126,4568.T,2854.5
2026-03-11 09:58:53.050126,7011.T,
2026-03-11 09:58:53.050126,8035.T,40530.0
2026-03-11 10:18:13.264340,4568.T,2854.5
2026-03-11 10:18:13.264340,7011.T,4616.0
2026-03-11 10:18:13.264340,8035.T,40530.0
2026-03-11 10:49:26.902599,4568.T,2854.5
2026-03-11 10:49:26.902599,7011.T,4616.0
2026-03-11 10:49:26.902599,8035.T,40530.0
2026-03-11 11:04:52.310832,4568.T,2854.5
2026-03-11 11:04:52.310832,7011.T,4616.0
2026-03-11 11:04:52.310832,8035.T,40530.0
2026-03-11 11:49:09.154196,4568.T,2854.5
2026-03-11 11:49:09.154196,7011.T,4616.0
2026-03-11 11:49:09.154196,8035.T,40530.0
2026-03-11 13:54:53.292074,4568.T,2854.5
2026-03-11 13:54:53.292074,7011.T,4616.0
2026-03-11 13:54:53.292074,8035.T,40530.0
2026-03-11 14:38:34.720677,4568.T,2854.5
2026-03-11 14:38:34.720677,7011.T,4616.0
2026-03-11 14:38:34.720677,8035.T,40530.0
2026-03-11 17:39:03.966253,4568.T,2854.5
2026-03-11 17:39:03.966253,7011.T,4616.0
2026-03-11 17:39:03.966253,8035.T,40530.0
2026-03-11 19:54:25.371351,4568.T,2854.5
2026-03-11 19:54:25.371351,7011.T,4616.0
2026-03-11 19:54:25.371351,8035.T,40530.0
2026-03-11 21:03:14.887853,4568.T,2854.5
2026-03-11 21:03:14.887853,7011.T,4616.0
2026-03-11 21:03:14.887853,8035.T,40530.0
2026-03-11 22:54:25.725814,4568.T,2854.5
2026-03-11 22:54:25.725814,7011.T,4616.0
2026-03-11 22:54:25.725814,8035.T,40530.0
2026-03-11 23:54:05.989914,4568.T,2854.5
2026-03-11 23:54:05.989914,7011.T,4616.0
2026-03-11 23:54:05.989914,8035.T,40530.0
2026-03-12 05:08:46.708801,4568.T,2895.0
2026-03-12 05:08:46.708801,7011.T,4697.0
2026-03-12 05:08:46.708801,8035.T,39480.0
2026-03-12 07:12:28.021028,4568.T,2900.0
2026-03-12 07:12:28.021028,7011.T,4781.0
2026-03-12 07:12:28.021028,8035.T,39750.0
2026-03-12 09:30:32.698047,4568.T,2900.0
2026-03-12 09:30:32.698047,7011.T,4781.0
2026-03-12 09:30:32.698047,8035.T,39750.0
2026-03-12 11:23:38.985503,4568.T,2900.0
2026-03-12 11:23:38.985503,7011.T,4781.0
2026-03-12 11:23:38.985503,8035.T,39750.0
2026-03-12 14:35:45.137398,4568.T,2900.0
2026-03-12 14:35:45.137398,7011.T,4781.0
2026-03-12 14:35:45.137398,8035.T,39750.0
2026-03-12 17:37:14.880212,4568.T,2900.0
2026-03-12 17:37:14.880212,7011.T,4781.0
2026-03-12 17:37:14.880212,8035.T,39750.0
2026-03-12 19:54:45.359989,4568.T,2900.0
2026-03-12 19:54:45.359989,7011.T,4781.0
2026-03-12 19:54:45.359989,8035.T,39750.0
2026-03-12 21:51:48.062795,4568.T,2900.0
2026-03-12 21:51:48.062795,7011.T,4781.0
2026-03-12 21:51:48.062795,8035.T,39750.0
2026-03-12 23:01:14.095148,4568.T,2900.0
2026-03-12 23:01:14.095148,7011.T,4781.0
2026-03-12 23:01:14.095148,8035.T,39750.0
2026-03-12 23:58:35.284104,4568.T,2900.0
2026-03-12 23:58:35.284104,7011.T,4781.0
2026-03-12 23:58:35.284104,8035.T,39750.0
2026-03-13 05:06:50.391850,4568.T,2817.5
2026-03-13 05:06:50.391850,7011.T,4750.0
2026-03-13 05:06:50.391850,8035.T,38410.0
2026-03-13 07:52:29.149829,4568.T,2818.5
2026-03-13 07:52:29.149829,7011.T,4745.0
2026-03-13 07:52:29.149829,8035.T,38340.0
2026-03-13 10:05:04.846263,4568.T,2818.5
2026-03-13 10:05:04.846263,7011.T,4745.0
2026-03-13 10:05:04.846263,8035.T,38340.0
2026-03-13 11:47:44.434351,4568.T,2818.5
2026-03-13 11:47:44.434351,7011.T,4745.0
2026-03-13 11:47:44.434351,8035.T,38340.0
2026-03-13 14:33:11.245212,4568.T,2818.5
2026-03-13 14:33:11.245212,7011.T,4745.0
2026-03-13 14:33:11.245212,8035.T,38340.0
2026-03-13 16:23:10.902875,4568.T,2818.5
2026-03-13 16:23:10.902875,7011.T,4745.0
2026-03-13 16:23:10.902875,8035.T,38340.0
2026-03-13 18:03:43.905714,4568.T,2818.5
2026-03-13 18:03:43.905714,7011.T,4745.0
2026-03-13 18:03:43.905714,8035.T,38340.0
2026-03-13 19:50:35.881403,4568.T,2818.5
2026-03-13 19:50:35.881403,7011.T,4745.0
2026-03-13 19:50:35.881403,8035.T,38340.0
2026-03-13 21:51:52.706027,4568.T,2818.5
2026-03-13 21:51:52.706027,7011.T,4745.0
2026-03-13 21:51:52.706027,8035.T,38340.0
2026-03-13 23:01:22.139290,4568.T,2818.5
2026-03-13 23:01:22.139290,7011.T,4745.0
2026-03-13 23:01:22.139290,8035.T,38340.0
2026-03-14 00:00:27.211333,4568.T,2818.5
2026-03-14 00:00:27.211333,7011.T,4745.0
2026-03-14 00:00:27.211333,8035.T,38340.0
2026-03-14 05:04:02.359835,4568.T,2818.5
2026-03-14 05:04:02.359835,7011.T,4745.0
2026-03-14 05:04:02.359835,8035.T,38340.0
2026-03-14 07:25:48.513459,4568.T,2818.5
2026-03-14 07:25:48.513459,7011.T,4745.0
2026-03-14 07:25:48.513459,8035.T,38340.0
2026-03-14 09:03:22.671653,4568.T,2818.5
2026-03-14 09:03:22.671653,7011.T,4745.0
2026-03-14 09:03:22.671653,8035.T,38340.0
2026-03-14 10:01:10.534444,4568.T,2818.5
2026-03-14 10:01:10.534444,7011.T,4745.0
2026-03-14 10:01:10.534444,8035.T,38340.0
2026-03-14 11:01:22.158785,4568.T,2818.5
2026-03-14 11:01:22.158785,7011.T,4745.0
2026-03-14 11:01:22.158785,8035.T,38340.0
2026-03-14 11:56:13.612478,4568.T,2818.5
2026-03-14 11:56:13.612478,7011.T,4745.0
2026-03-14 11:56:13.612478,8035.T,38340.0
2026-03-14 13:59:55.819502,4568.T,2818.5
2026-03-14 13:59:55.819502,7011.T,4745.0
2026-03-14 13:59:55.819502,8035.T,38340.0
2026-03-14 15:01:59.842268,4568.T,2818.5
2026-03-14 15:01:59.842268,7011.T,4745.0
2026-03-14 15:01:59.842268,8035.T,38340.0
2026-03-14 15:57:08.222564,4568.T,2818.5
2026-03-14 15:57:08.222564,7011.T,4745.0
2026-03-14 15:57:08.222564,8035.T,38340.0
2026-03-14 17:04:09.614960,4568.T,2818.5
2026-03-14 17:04:09.614960,7011.T,4745.0
2026-03-14 17:04:09.614960,8035.T,38340.0
2026-03-14 17:58:23.895213,4568.T,2818.5
2026-03-14 17:58:23.895213,7011.T,4745.0
2026-03-14 17:58:23.895213,8035.T,38340.0
2026-03-14 19:42:06.868856,4568.T,
2026-03-14 19:42:06.868856,7011.T,4745.0
2026-03-14 19:42:06.868856,8035.T,38340.0
2026-03-14 20:01:37.675324,4568.T,2818.5
2026-03-14 20:01:37.675324,7011.T,4745.0
2026-03-14 20:01:37.675324,8035.T,38340.0
2026-03-14 21:00:04.584664,4568.T,2818.5
2026-03-14 21:00:04.584664,7011.T,4745.0
2026-03-14 21:00:04.584664,8035.T,38340.0
2026-03-14 21:56:29.707295,4568.T,2818.5
2026-03-14 21:56:29.707295,7011.T,4745.0
2026-03-14 21:56:29.707295,8035.T,38340.0
2026-03-14 23:01:09.260478,4568.T,2818.5
2026-03-14 23:01:09.260478,7011.T,
2026-03-14 23:01:09.260478,8035.T,38340.0
2026-03-14 23:58:05.957200,4568.T,2818.5
2026-03-14 23:58:05.957200,7011.T,4745.0
2026-03-14 23:58:05.957200,8035.T,38340.0
2026-03-15 05:47:07.205219,4568.T,2818.5
2026-03-15 05:47:07.205219,7011.T,4745.0
2026-03-15 05:47:07.205219,8035.T,38340.0
2026-03-15 07:58:37.439214,4568.T,2818.5
2026-03-15 07:58:37.439214,7011.T,4745.0
2026-03-15 07:58:37.439214,8035.T,38340.0
2026-03-15 09:53:47.373820,4568.T,2818.5
2026-03-15 09:53:47.373820,7011.T,4745.0
2026-03-15 09:53:47.373820,8035.T,38340.0
2026-03-15 11:03:30.945818,4568.T,2818.5
2026-03-15 11:03:30.945818,7011.T,4745.0
2026-03-15 11:03:30.945818,8035.T,38340.0
2026-03-15 11:54:56.019272,4568.T,2818.5
2026-03-15 11:54:56.019272,7011.T,4745.0
2026-03-15 11:54:56.019272,8035.T,38340.0
2026-03-15 14:03:13.742780,4568.T,2818.5
2026-03-15 14:03:13.742780,7011.T,4745.0
2026-03-15 14:03:13.742780,8035.T,38340.0
2026-03-15 15:03:43.521822,4568.T,2818.5
2026-03-15 15:03:43.521822,7011.T,4745.0
2026-03-15 15:03:43.521822,8035.T,38340.0
2026-03-15 15:59:41.182292,4568.T,2818.5
2026-03-15 15:59:41.182292,7011.T,4745.0
2026-03-15 15:59:41.182292,8035.T,38340.0
2026-03-15 17:04:58.395594,4568.T,2818.5
2026-03-15 17:04:58.395594,7011.T,4745.0
2026-03-15 17:04:58.395594,8035.T,38340.0
2026-03-15 18:00:14.468586,4568.T,2818.5
2026-03-15 18:00:14.468586,7011.T,4745.0
2026-03-15 18:00:14.468586,8035.T,38340.0
2026-03-15 19:44:25.176864,4568.T,2818.5
2026-03-15 19:44:25.176864,7011.T,4745.0
2026-03-15 19:44:25.176864,8035.T,38340.0
2026-03-15 20:57:19.566393,4568.T,2818.5
2026-03-15 20:57:19.566393,7011.T,4745.0
2026-03-15 20:57:19.566393,8035.T,38340.0
2026-03-15 21:57:50.195865,4568.T,2818.5
2026-03-15 21:57:50.195865,7011.T,4745.0
2026-03-15 21:57:50.195865,8035.T,38340.0
2026-03-15 23:03:36.239208,4568.T,2818.5
2026-03-15 23:03:36.239208,7011.T,4745.0
2026-03-15 23:03:36.239208,8035.T,38340.0
2026-03-15 23:59:16.583126,4568.T,2818.5
2026-03-15 23:59:16.583126,7011.T,4745.0
2026-03-15 23:59:16.583126,8035.T,38340.0
2026-03-16 06:08:01.511165,4568.T,2784.5
2026-03-16 06:08:01.511165,7011.T,4767.0
2026-03-16 06:08:01.511165,8035.T,39040.0
2026-03-16 09:48:31.281304,4568.T,2773.5
2026-03-16 09:48:31.281304,7011.T,4792.0
2026-03-16 09:48:31.281304,8035.T,39150.0
2026-03-16 12:06:34.827138,4568.T,2773.5
2026-03-16 12:06:34.827138,7011.T,4792.0
2026-03-16 12:06:34.827138,8035.T,39150.0
2026-03-16 15:48:49.324647,4568.T,2773.5
2026-03-16 15:48:49.324647,7011.T,4792.0
2026-03-16 15:48:49.324647,8035.T,39150.0
2026-03-16 19:43:01.318036,4568.T,2773.5
2026-03-16 19:43:01.318036,7011.T,4792.0
2026-03-16 19:43:01.318036,8035.T,39150.0
2026-03-16 21:56:14.450453,4568.T,2773.5
2026-03-16 21:56:14.450453,7011.T,4792.0
2026-03-16 21:56:14.450453,8035.T,39150.0
2026-03-16 23:46:05.388005,4568.T,2773.5
2026-03-16 23:46:05.388005,7011.T,4792.0
2026-03-16 23:46:05.388005,8035.T,39150.0
2026-03-17 05:25:10.749351,4568.T,2969.0
2026-03-17 05:25:10.749351,7011.T,4916.0
2026-03-17 05:25:10.749351,8035.T,39080.0
2026-03-17 08:06:16.393366,4568.T,2938.0
2026-03-17 08:06:16.393366,7011.T,4881.0
2026-03-17 08:06:16.393366,8035.T,38780.0
2026-03-17 11:11:22.078552,4568.T,2938.0
2026-03-17 11:11:22.078552,7011.T,4881.0
2026-03-17 11:11:22.078552,8035.T,38780.0
2026-03-17 14:43:21.348042,4568.T,2938.0
2026-03-17 14:43:21.348042,7011.T,4881.0
2026-03-17 14:43:21.348042,8035.T,38780.0
2026-03-17 18:08:28.882906,4568.T,2938.0
2026-03-17 18:08:28.882906,7011.T,4881.0
2026-03-17 18:08:28.882906,8035.T,38780.0
2026-03-17 20:04:22.149800,4568.T,2938.0
2026-03-17 20:04:22.149800,7011.T,4881.0
2026-03-17 20:04:22.149800,8035.T,38780.0
2026-03-17 22:02:47.307704,4568.T,2938.0
2026-03-17 22:02:47.307704,7011.T,4881.0
2026-03-17 22:02:47.307704,8035.T,
2026-03-17 23:50:38.296549,4568.T,2938.0
2026-03-17 23:50:38.296549,7011.T,4881.0
2026-03-17 23:50:38.296549,8035.T,38780.0
2026-03-18 05:42:15.712509,4568.T,2974.0
2026-03-18 05:42:15.712509,7011.T,4964.0
2026-03-18 05:42:15.712509,8035.T,39960.0
2026-03-18 08:03:45.320332,4568.T,2977.0
2026-03-18 08:03:45.320332,7011.T,5000.0
2026-03-18 08:03:45.320332,8035.T,40290.0
2026-03-18 11:13:05.816684,4568.T,2977.0
2026-03-18 11:13:05.816684,7011.T,5000.0
2026-03-18 11:13:05.816684,8035.T,40290.0
2026-03-18 15:50:11.151611,4568.T,2977.0
2026-03-18 15:50:11.151611,7011.T,
2026-03-18 15:50:11.151611,8035.T,40290.0
2026-03-18 19:34:14.867269,4568.T,2977.0
2026-03-18 19:34:14.867269,7011.T,5000.0
2026-03-18 19:34:14.867269,8035.T,40290.0
2026-03-18 21:22:59.838443,4568.T,2977.0
2026-03-18 21:22:59.838443,7011.T,5000.0
2026-03-18 21:22:59.838443,8035.T,40290.0
2026-03-18 23:00:47.046307,4568.T,2977.0
2026-03-18 23:00:47.046307,7011.T,5000.0
2026-03-18 23:00:47.046307,8035.T,40290.0
2026-03-18 23:58:21.956671,4568.T,2977.0
2026-03-18 23:58:21.956671,7011.T,5000.0
2026-03-18 23:58:21.956671,8035.T,40290.0
2026-03-19 05:26:24.384794,4568.T,2914.5
2026-03-19 05:26:24.384794,7011.T,4910.0
2026-03-19 05:26:24.384794,8035.T,39290.0
2026-03-19 07:59:03.362197,4568.T,2903.0
2026-03-19 07:59:03.362197,7011.T,4848.0
2026-03-19 07:59:03.362197,8035.T,39330.0
2026-03-19 10:25:53.344067,4568.T,
2026-03-19 10:25:53.344067,7011.T,4848.0
2026-03-19 10:25:53.344067,8035.T,39330.0
2026-03-19 12:01:57.898633,4568.T,2903.0
2026-03-19 12:01:57.898633,7011.T,4848.0
2026-03-19 12:01:57.898633,8035.T,39330.0
2026-03-19 15:09:30.227748,4568.T,2903.0
2026-03-19 15:09:30.227748,7011.T,4848.0
2026-03-19 15:09:30.227748,8035.T,
2026-03-19 18:04:13.608213,4568.T,2903.0
2026-03-19 18:04:13.608213,7011.T,4848.0
2026-03-19 18:04:13.608213,8035.T,39330.0
2026-03-19 20:00:22.161562,4568.T,2903.0
2026-03-19 20:00:22.161562,7011.T,
2026-03-19 20:00:22.161562,8035.T,39330.0
2026-03-19 21:51:38.077955,4568.T,2903.0
2026-03-19 21:51:38.077955,7011.T,4848.0
2026-03-19 21:51:38.077955,8035.T,39330.0
2026-03-19 23:47:36.461359,4568.T,2903.0
2026-03-19 23:47:36.461359,7011.T,4848.0
2026-03-19 23:47:36.461359,8035.T,39330.0
2026-03-20 05:09:33.711070,4568.T,2903.0
2026-03-20 05:09:33.711070,7011.T,4848.0
2026-03-20 05:09:33.711070,8035.T,39330.0
2026-03-20 07:52:28.205361,4568.T,
2026-03-20 07:52:28.205361,7011.T,4848.0
2026-03-20 07:52:28.205361,8035.T,39330.0
2026-03-20 10:07:32.820670,4568.T,2903.0
2026-03-20 10:07:32.820670,7011.T,4848.0
2026-03-20 10:07:32.820670,8035.T,39330.0
2026-03-20 11:47:56.179899,4568.T,
2026-03-20 11:47:56.179899,7011.T,4848.0
2026-03-20 11:47:56.179899,8035.T,39330.0
2026-03-20 15:04:57.625261,4568.T,2903.0
2026-03-20 15:04:57.625261,7011.T,4848.0
2026-03-20 15:04:57.625261,8035.T,39330.0
2026-03-20 17:25:44.688138,4568.T,2903.0
2026-03-20 17:25:44.688138,7011.T,4848.0
2026-03-20 17:25:44.688138,8035.T,39330.0
2026-03-20 19:49:36.010022,4568.T,2903.0
2026-03-20 19:49:36.010022,7011.T,4848.0
2026-03-20 19:49:36.010022,8035.T,39330.0
2026-03-20 21:48:35.352199,4568.T,2903.0
2026-03-20 21:48:35.352199,7011.T,
2026-03-20 21:48:35.352199,8035.T,39330.0
2026-03-20 23:03:40.473172,4568.T,2903.0
2026-03-20 23:03:40.473172,7011.T,4848.0
2026-03-20 23:03:40.473172,8035.T,39330.0
2026-03-20 23:58:26.920553,4568.T,2903.0
2026-03-20 23:58:26.920553,7011.T,4848.0
2026-03-20 23:58:26.920553,8035.T,39330.0
2026-03-21 04:56:43.891286,4568.T,2903.0
2026-03-21 04:56:43.891286,7011.T,4848.0
2026-03-21 04:56:43.891286,8035.T,39330.0
2026-03-21 07:22:40.867838,4568.T,2903.0
2026-03-21 07:22:40.867838,7011.T,4848.0
2026-03-21 07:22:40.867838,8035.T,39330.0
2026-03-21 09:01:12.599167,4568.T,2903.0
2026-03-21 09:01:12.599167,7011.T,4848.0
2026-03-21 09:01:12.599167,8035.T,39330.0
2026-03-21 09:58:54.348511,4568.T,2903.0
2026-03-21 09:58:54.348511,7011.T,
2026-03-21 09:58:54.348511,8035.T,39330.0
2026-03-21 10:59:48.614194,4568.T,2903.0
2026-03-21 10:59:48.614194,7011.T,4848.0
2026-03-21 10:59:48.614194,8035.T,39330.0
2026-03-21 11:52:25.456668,4568.T,2903.0
2026-03-21 11:52:25.456668,7011.T,4848.0
2026-03-21 11:52:25.456668,8035.T,39330.0
2026-03-21 13:57:13.897967,4568.T,2903.0
2026-03-21 13:57:13.897967,7011.T,4848.0
2026-03-21 13:57:13.897967,8035.T,39330.0
2026-03-21 14:59:22.551999,4568.T,2903.0
2026-03-21 14:59:22.551999,7011.T,4848.0
2026-03-21 14:59:22.551999,8035.T,39330.0
2026-03-21 15:54:12.321876,4568.T,
2026-03-21 15:54:12.321876,7011.T,4848.0
2026-03-21 15:54:12.321876,8035.T,39330.0
2026-03-21 17:02:21.584759,4568.T,2903.0
2026-03-21 17:02:21.584759,7011.T,4848.0
2026-03-21 17:02:21.584759,8035.T,39330.0
2026-03-21 17:56:33.518739,4568.T,2903.0
2026-03-21 17:56:33.518739,7011.T,4848.0
2026-03-21 17:56:33.518739,8035.T,39330.0
2026-03-21 19:35:12.734295,4568.T,2903.0
2026-03-21 19:35:12.734295,7011.T,4848.0
2026-03-21 19:35:12.734295,8035.T,39330.0
2026-03-21 19:59:13.105452,4568.T,2903.0
2026-03-21 19:59:13.105452,7011.T,4848.0
2026-03-21 19:59:13.105452,8035.T,39330.0
2026-03-21 20:58:27.752387,4568.T,2903.0
2026-03-21 20:58:27.752387,7011.T,4848.0
2026-03-21 20:58:27.752387,8035.T,39330.0
2026-03-21 21:54:03.891474,4568.T,2903.0
2026-03-21 21:54:03.891474,7011.T,4848.0
2026-03-21 21:54:03.891474,8035.T,39330.0
2026-03-21 22:58:38.507502,4568.T,2903.0
2026-03-21 22:58:38.507502,7011.T,4848.0
2026-03-21 22:58:38.507502,8035.T,39330.0
2026-03-21 23:56:14.548751,4568.T,2903.0
2026-03-21 23:56:14.548751,7011.T,4848.0
2026-03-21 23:56:14.548751,8035.T,39330.0
2026-03-22 05:14:50.672513,4568.T,2903.0
2026-03-22 05:14:50.672513,7011.T,4848.0
2026-03-22 05:14:50.672513,8035.T,39330.0
2026-03-22 07:29:53.911725,4568.T,2903.0
2026-03-22 07:29:53.911725,7011.T,4848.0
2026-03-22 07:29:53.911725,8035.T,39330.0
2026-03-22 09:02:33.828138,4568.T,2903.0
2026-03-22 09:02:33.828138,7011.T,4848.0
2026-03-22 09:02:33.828138,8035.T,39330.0
2026-03-22 10:00:01.697100,4568.T,2903.0
2026-03-22 10:00:01.697100,7011.T,4848.0
2026-03-22 10:00:01.697100,8035.T,39330.0
2026-03-22 11:00:48.990039,4568.T,2903.0
2026-03-22 11:00:48.990039,7011.T,4848.0
2026-03-22 11:00:48.990039,8035.T,39330.0
2026-03-22 11:52:59.560250,4568.T,2903.0
2026-03-22 11:52:59.560250,7011.T,4848.0
2026-03-22 11:52:59.560250,8035.T,39330.0
2026-03-22 13:59:11.584906,4568.T,2903.0
2026-03-22 13:59:11.584906,7011.T,4848.0
2026-03-22 13:59:11.584906,8035.T,39330.0
2026-03-22 15:00:22.906803,4568.T,2903.0
2026-03-22 15:00:22.906803,7011.T,4848.0
2026-03-22 15:00:22.906803,8035.T,39330.0
2026-03-22 15:54:59.028891,4568.T,2903.0
2026-03-22 15:54:59.028891,7011.T,4848.0
2026-03-22 15:54:59.028891,8035.T,39330.0
2026-03-22 17:01:42.437726,4568.T,2903.0
2026-03-22 17:01:42.437726,7011.T,4848.0
2026-03-22 17:01:42.437726,8035.T,39330.0
2026-03-22 17:57:50.944778,4568.T,2903.0
2026-03-22 17:57:50.944778,7011.T,4848.0
2026-03-22 17:57:50.944778,8035.T,
2026-03-22 19:37:04.606486,4568.T,2903.0
2026-03-22 19:37:04.606486,7011.T,4848.0
2026-03-22 19:37:04.606486,8035.T,39330.0
2026-03-22 19:59:18.961544,4568.T,2903.0
2026-03-22 19:59:18.961544,7011.T,4848.0
2026-03-22 19:59:18.961544,8035.T,39330.0
2026-03-22 20:59:51.292039,4568.T,2903.0
2026-03-22 20:59:51.292039,7011.T,4848.0
2026-03-22 20:59:51.292039,8035.T,39330.0
2026-03-22 21:57:17.966452,4568.T,2903.0
2026-03-22 21:57:17.966452,7011.T,4848.0
2026-03-22 21:57:17.966452,8035.T,39330.0
2026-03-22 23:00:10.372370,4568.T,2903.0
2026-03-22 23:00:10.372370,7011.T,4848.0
2026-03-22 23:00:10.372370,8035.T,39330.0
2026-03-23 05:50:53.586238,4568.T,2953.0
2026-03-23 05:50:53.586238,7011.T,4533.0
2026-03-23 05:50:53.586238,8035.T,38140.0
2026-03-23 09:47:41.206736,4568.T,2961.0
2026-03-23 09:47:41.206736,7011.T,4517.0
2026-03-23 09:47:41.206736,8035.T,38300.0
2026-03-23 12:05:18.801753,4568.T,2961.0
2026-03-23 12:05:18.801753,7011.T,4517.0
2026-03-23 12:05:18.801753,8035.T,38300.0
2026-03-23 15:43:57.891765,4568.T,2961.0
2026-03-23 15:43:57.891765,7011.T,4517.0
2026-03-23 15:43:57.891765,8035.T,38300.0
2026-03-23 18:09:22.896193,4568.T,2961.0
2026-03-23 18:09:22.896193,7011.T,4517.0
2026-03-23 18:09:22.896193,8035.T,38300.0
2026-03-23 20:03:48.639436,4568.T,2961.0
2026-03-23 20:03:48.639436,7011.T,4517.0
2026-03-23 20:03:48.639436,8035.T,38300.0
2026-03-23 21:52:36.395301,4568.T,2961.0
2026-03-23 21:52:36.395301,7011.T,4517.0
2026-03-23 21:52:36.395301,8035.T,38300.0
2026-03-23 23:51:12.850274,4568.T,2961.0
2026-03-23 23:51:12.850274,7011.T,4517.0
2026-03-23 23:51:12.850274,8035.T,38300.0
2026-03-24 05:37:58.265645,4568.T,2982.5
2026-03-24 05:37:58.265645,7011.T,4389.0
2026-03-24 05:37:58.265645,8035.T,38650.0
2026-03-24 08:06:17.185556,4568.T,3010.0
2026-03-24 08:06:17.185556,7011.T,4430.0
2026-03-24 08:06:17.185556,8035.T,39130.0
2026-03-24 11:12:08.188252,4568.T,3010.0
2026-03-24 11:12:08.188252,7011.T,4430.0
2026-03-24 11:12:08.188252,8035.T,39130.0
2026-03-24 14:45:26.364920,4568.T,3010.0
2026-03-24 14:45:26.364920,7011.T,4430.0
2026-03-24 14:45:26.364920,8035.T,39130.0
2026-03-24 18:11:55.488954,4568.T,3010.0
2026-03-24 18:11:55.488954,7011.T,4430.0
2026-03-24 18:11:55.488954,8035.T,39130.0
2026-03-24 20:04:05.177507,4568.T,3010.0
2026-03-24 20:04:05.177507,7011.T,4430.0
2026-03-24 20:04:05.177507,8035.T,39130.0
2026-03-24 22:01:04.371444,4568.T,3010.0
2026-03-24 22:01:04.371444,7011.T,4430.0
2026-03-24 22:01:04.371444,8035.T,39130.0
2026-03-24 23:50:21.837491,4568.T,3010.0
2026-03-24 23:50:21.837491,7011.T,4430.0
2026-03-24 23:50:21.837491,8035.T,39130.0
2026-03-25 05:38:45.657643,4568.T,2976.5
2026-03-25 05:38:45.657643,7011.T,4572.0
2026-03-25 05:38:45.657643,8035.T,40790.0
2026-03-25 08:04:35.738262,4568.T,2974.0
2026-03-25 08:04:35.738262,7011.T,4547.0
2026-03-25 08:04:35.738262,8035.T,40360.0
2026-03-25 11:10:30.985731,4568.T,2974.0
2026-03-25 11:10:30.985731,7011.T,4547.0
2026-03-25 11:10:30.985731,8035.T,40360.0
2026-03-25 14:46:46.480463,4568.T,2974.0
2026-03-25 14:46:46.480463,7011.T,4547.0
2026-03-25 14:46:46.480463,8035.T,40360.0
2026-03-25 18:12:58.341968,4568.T,2974.0
2026-03-25 18:12:58.341968,7011.T,4547.0
2026-03-25 18:12:58.341968,8035.T,40360.0
2026-03-25 20:03:02.153895,4568.T,2974.0
2026-03-25 20:03:02.153895,7011.T,4547.0
2026-03-25 20:03:02.153895,8035.T,40360.0
2026-03-25 22:04:20.836232,4568.T,2974.0
2026-03-25 22:04:20.836232,7011.T,4547.0
2026-03-25 22:04:20.836232,8035.T,40360.0
2026-03-25 23:55:17.586153,4568.T,2974.0
2026-03-25 23:55:17.586153,7011.T,4547.0
2026-03-25 23:55:17.586153,8035.T,40360.0
2026-03-26 05:54:28.102332,4568.T,2851.0
2026-03-26 05:54:28.102332,7011.T,4505.0
2026-03-26 05:54:28.102332,8035.T,40390.0
2026-03-26 09:46:16.337034,4568.T,2874.5
2026-03-26 09:46:16.337034,7011.T,4511.0
2026-03-26 09:46:16.337034,8035.T,40530.0
2026-03-26 14:49:44.865647,4568.T,2874.5
2026-03-26 14:49:44.865647,7011.T,4511.0
2026-03-26 14:49:44.865647,8035.T,40530.0
2026-03-26 18:13:45.820922,4568.T,2874.5
2026-03-26 18:13:45.820922,7011.T,4511.0
2026-03-26 18:13:45.820922,8035.T,40530.0
2026-03-26 20:02:24.712807,4568.T,2874.5
2026-03-26 20:02:24.712807,7011.T,4511.0
2026-03-26 20:02:24.712807,8035.T,40530.0
2026-03-26 21:49:10.871493,4568.T,2874.5
2026-03-26 21:49:10.871493,7011.T,4511.0
2026-03-26 21:49:10.871493,8035.T,40530.0
2026-03-26 23:03:32.943164,4568.T,2874.5
2026-03-26 23:03:32.943164,7011.T,4511.0
2026-03-26 23:03:32.943164,8035.T,40530.0
2026-03-27 05:26:51.736642,4568.T,2921.5
2026-03-27 05:26:51.736642,7011.T,4581.0
2026-03-27 05:26:51.736642,8035.T,39300.0
2026-03-27 08:08:37.424195,4568.T,2930.0
2026-03-27 08:08:37.424195,7011.T,4577.0
2026-03-27 08:08:37.424195,8035.T,39290.0
2026-03-27 11:09:39.689703,4568.T,2930.0
2026-03-27 11:09:39.689703,7011.T,4577.0
2026-03-27 11:09:39.689703,8035.T,39290.0
2026-03-27 14:34:21.299978,4568.T,2930.0
2026-03-27 14:34:21.299978,7011.T,4577.0
2026-03-27 14:34:21.299978,8035.T,39290.0
2026-03-27 17:39:07.585218,4568.T,2930.0
2026-03-27 17:39:07.585218,7011.T,4577.0
2026-03-27 17:39:07.585218,8035.T,39290.0
2026-03-27 19:52:31.677277,4568.T,2930.0
2026-03-27 19:52:31.677277,7011.T,4577.0
2026-03-27 19:52:31.677277,8035.T,39290.0
2026-03-27 21:55:18.400253,4568.T,2930.0
2026-03-27 21:55:18.400253,7011.T,4577.0
2026-03-27 21:55:18.400253,8035.T,39290.0
2026-03-27 23:48:36.695586,4568.T,2930.0
2026-03-27 23:48:36.695586,7011.T,4577.0
2026-03-27 23:48:36.695586,8035.T,39290.0
2026-03-28 05:24:24.237917,4568.T,2930.0
2026-03-28 05:24:24.237917,7011.T,4577.0
2026-03-28 05:24:24.237917,8035.T,39290.0
2026-03-28 07:54:50.629958,4568.T,2930.0
2026-03-28 07:54:50.629958,7011.T,4577.0
2026-03-28 07:54:50.629958,8035.T,39290.0
2026-03-28 09:59:16.955426,4568.T,2930.0
2026-03-28 09:59:16.955426,7011.T,4577.0
2026-03-28 09:59:16.955426,8035.T,39290.0
2026-03-28 11:43:25.353049,4568.T,2930.0
2026-03-28 11:43:25.353049,7011.T,4577.0
2026-03-28 11:43:25.353049,8035.T,39290.0
2026-03-28 14:03:09.789038,4568.T,2930.0
2026-03-28 14:03:09.789038,7011.T,4577.0
2026-03-28 14:03:09.789038,8035.T,39290.0
2026-03-28 15:53:41.140418,4568.T,2930.0
2026-03-28 15:53:41.140418,7011.T,4577.0
2026-03-28 15:53:41.140418,8035.T,39290.0
2026-03-28 17:51:22.841360,4568.T,2930.0
2026-03-28 17:51:22.841360,7011.T,4577.0
2026-03-28 17:51:22.841360,8035.T,39290.0
2026-03-28 19:47:24.209802,4568.T,2930.0
2026-03-28 19:47:24.209802,7011.T,4577.0
2026-03-28 19:47:24.209802,8035.T,
2026-03-28 21:48:32.812177,4568.T,2930.0
2026-03-28 21:48:32.812177,7011.T,4577.0
2026-03-28 21:48:32.812177,8035.T,39290.0
2026-03-28 23:49:36.967357,4568.T,2930.0
2026-03-28 23:49:36.967357,7011.T,4577.0
2026-03-28 23:49:36.967357,8035.T,39290.0
2026-03-29 05:56:27.010656,4568.T,2930.0
2026-03-29 05:56:27.010656,7011.T,4577.0
2026-03-29 05:56:27.010656,8035.T,39290.0
2026-03-29 08:03:50.809058,4568.T,2930.0
2026-03-29 08:03:50.809058,7011.T,4577.0
2026-03-29 08:03:50.809058,8035.T,39290.0
2026-03-29 10:02:05.098117,4568.T,2930.0
2026-03-29 10:02:05.098117,7011.T,4577.0
2026-03-29 10:02:05.098117,8035.T,39290.0
2026-03-29 11:45:36.933065,4568.T,2930.0
2026-03-29 11:45:36.933065,7011.T,4577.0
2026-03-29 11:45:36.933065,8035.T,39290.0
2026-03-29 14:06:51.303835,4568.T,2930.0
2026-03-29 14:06:51.303835,7011.T,4577.0
2026-03-29 14:06:51.303835,8035.T,39290.0
2026-03-29 15:51:04.208315,4568.T,2891.0
2026-03-29 15:51:04.208315,7011.T,4565.0
2026-03-29 15:51:04.208315,8035.T,38953.0
2026-03-29 17:53:03.217040,4568.T,2891.0
2026-03-29 17:53:03.217040,7011.T,4565.0
2026-03-29 17:53:03.217040,8035.T,38953.0
2026-03-29 19:52:12.941880,4568.T,
2026-03-29 19:52:12.941880,7011.T,4565.0
2026-03-29 19:52:12.941880,8035.T,38953.0
2026-03-29 21:51:22.210133,4568.T,2891.0
2026-03-29 21:51:22.210133,7011.T,4565.0
2026-03-29 21:51:22.210133,8035.T,38953.0
2026-03-29 23:52:38.695828,4568.T,2891.0
2026-03-29 23:52:38.695828,7011.T,4565.0
2026-03-29 23:52:38.695828,8035.T,38953.0
2026-03-30 06:26:38.516057,4568.T,2818.5
2026-03-30 06:26:38.516057,7011.T,4404.0
2026-03-30 06:26:38.516057,8035.T,38490.0
2026-03-30 10:47:53.482969,4568.T,2816.5
2026-03-30 10:47:53.482969,7011.T,4418.0
2026-03-30 10:47:53.482969,8035.T,38840.0
2026-03-30 15:52:52.823335,4568.T,2816.5
2026-03-30 15:52:52.823335,7011.T,4418.0
2026-03-30 15:52:52.823335,8035.T,38840.0
2026-03-30 19:43:46.112722,4568.T,2816.5
2026-03-30 19:43:46.112722,7011.T,4418.0
2026-03-30 19:43:46.112722,8035.T,38840.0
2026-03-30 22:00:06.964411,4568.T,2816.5
2026-03-30 22:00:06.964411,7011.T,4418.0
2026-03-30 22:00:06.964411,8035.T,38840.0
2026-03-30 23:57:47.148461,4568.T,2816.5
2026-03-30 23:57:47.148461,7011.T,4418.0
2026-03-30 23:57:47.148461,8035.T,38840.0
2026-03-31 06:05:08.376149,4568.T,2782.5
2026-03-31 06:05:08.376149,7011.T,4294.0
2026-03-31 06:05:08.376149,8035.T,37580.0
2026-03-31 09:51:01.897006,4568.T,2766.0
2026-03-31 09:51:01.897006,7011.T,4223.0
2026-03-31 09:51:01.897006,8035.T,37230.0
2026-03-31 14:48:37.083454,4568.T,2766.0
2026-03-31 14:48:37.083454,7011.T,4223.0
2026-03-31 14:48:37.083454,8035.T,37230.0
2026-03-31 18:10:51.995483,4568.T,2766.0
2026-03-31 18:10:51.995483,7011.T,4223.0
2026-03-31 18:10:51.995483,8035.T,37230.0
2026-03-31 20:07:32.236771,4568.T,2766.0
2026-03-31 20:07:32.236771,7011.T,
2026-03-31 20:07:32.236771,8035.T,37230.0
2026-03-31 22:04:51.631074,4568.T,2766.0
2026-03-31 22:04:51.631074,7011.T,4223.0
2026-03-31 22:04:51.631074,8035.T,37230.0
2026-03-31 23:54:21.411057,4568.T,2766.0
2026-03-31 23:54:21.411057,7011.T,4223.0
2026-03-31 23:54:21.411057,8035.T,37230.0
2026-04-01 06:16:03.445830,4568.T,2885.0
2026-04-01 06:16:03.445830,7011.T,4569.0
2026-04-01 06:16:03.445830,8035.T,39100.0
2026-04-01 10:17:41.012859,4568.T,2887.0
2026-04-01 10:17:41.012859,7011.T,4590.0
2026-04-01 10:17:41.012859,8035.T,39280.0
2026-04-01 14:54:12.883277,4568.T,2887.0
2026-04-01 14:54:12.883277,7011.T,4590.0
2026-04-01 14:54:12.883277,8035.T,39280.0
2026-04-01 18:06:13.769662,4568.T,2887.0
2026-04-01 18:06:13.769662,7011.T,4590.0
2026-04-01 18:06:13.769662,8035.T,39280.0
2026-04-01 20:09:02.075393,4568.T,2887.0
2026-04-01 20:09:02.075393,7011.T,4590.0
2026-04-01 20:09:02.075393,8035.T,39280.0
2026-04-01 22:06:17.917622,4568.T,2887.0
2026-04-01 22:06:17.917622,7011.T,4590.0
2026-04-01 22:06:17.917622,8035.T,39280.0
2026-04-01 23:53:03.200797,4568.T,2887.0
2026-04-01 23:53:03.200797,7011.T,4590.0
2026-04-01 23:53:03.200797,8035.T,39280.0
2026-04-02 05:53:47.322571,4568.T,2881.5
2026-04-02 05:53:47.322571,7011.T,4708.0
2026-04-02 05:53:47.322571,8035.T,38240.0
2026-04-02 09:45:50.674203,4568.T,2888.5
2026-04-02 09:45:50.674203,7011.T,4711.0
2026-04-02 09:45:50.674203,8035.T,38020.0
2026-04-02 14:37:57.626074,4568.T,2888.5
2026-04-02 14:37:57.626074,7011.T,4711.0
2026-04-02 14:37:57.626074,8035.T,38020.0
2026-04-02 17:38:22.151546,4568.T,2888.5
2026-04-02 17:38:22.151546,7011.T,4711.0
2026-04-02 17:38:22.151546,8035.T,38020.0
2026-04-02 20:00:57.781664,4568.T,2888.5
2026-04-02 20:00:57.781664,7011.T,4711.0
2026-04-02 20:00:57.781664,8035.T,38020.0
2026-04-02 22:02:40.021424,4568.T,2888.5
2026-04-02 22:02:40.021424,7011.T,4711.0
2026-04-02 22:02:40.021424,8035.T,38020.0
2026-04-02 23:55:02.570439,4568.T,2888.5
2026-04-02 23:55:02.570439,7011.T,4711.0
2026-04-02 23:55:02.570439,8035.T,38020.0
2026-04-03 05:53:48.939919,4568.T,2887.0
2026-04-03 05:53:48.939919,7011.T,4822.0
2026-04-03 05:53:48.939919,8035.T,38530.0
2026-04-03 09:12:43.540104,4568.T,2863.5
2026-04-03 09:12:43.540104,7011.T,
2026-04-03 09:12:43.540104,8035.T,38420.0
2026-04-03 11:27:11.138612,4568.T,2863.5
2026-04-03 11:27:11.138612,7011.T,4803.0
2026-04-03 11:27:11.138612,8035.T,38420.0
2026-04-03 14:25:36.740306,4568.T,2863.5
2026-04-03 14:25:36.740306,7011.T,4803.0
2026-04-03 14:25:36.740306,8035.T,38420.0
2026-04-03 16:06:39.687052,4568.T,2863.5
2026-04-03 16:06:39.687052,7011.T,4803.0
2026-04-03 16:06:39.687052,8035.T,38420.0
2026-04-03 18:02:49.255886,4568.T,2863.5
2026-04-03 18:02:49.255886,7011.T,4803.0
2026-04-03 18:02:49.255886,8035.T,38420.0
2026-04-03 19:57:58.582932,4568.T,2863.5
2026-04-03 19:57:58.582932,7011.T,4803.0
2026-04-03 19:57:58.582932,8035.T,38420.0
2026-04-03 21:53:43.382455,4568.T,2863.5
2026-04-03 21:53:43.382455,7011.T,4803.0
2026-04-03 21:53:43.382455,8035.T,38420.0
2026-04-03 23:53:10.448921,4568.T,2863.5
2026-04-03 23:53:10.448921,7011.T,4803.0
2026-04-03 23:53:10.448921,8035.T,38420.0
2026-04-04 05:24:24.615959,4568.T,2863.5
2026-04-04 05:24:24.615959,7011.T,4803.0
2026-04-04 05:24:24.615959,8035.T,38420.0
2026-04-04 07:59:07.958316,4568.T,2863.5
2026-04-04 07:59:07.958316,7011.T,4803.0
2026-04-04 07:59:07.958316,8035.T,
2026-04-04 10:02:24.142819,4568.T,2863.5
2026-04-04 10:02:24.142819,7011.T,4803.0
2026-04-04 10:02:24.142819,8035.T,38420.0
2026-04-04 11:46:35.363957,4568.T,2863.5
2026-04-04 11:46:35.363957,7011.T,4803.0
2026-04-04 11:46:35.363957,8035.T,38420.0
2026-04-04 14:07:12.104238,4568.T,2863.5
2026-04-04 14:07:12.104238,7011.T,4803.0
2026-04-04 14:07:12.104238,8035.T,38420.0
2026-04-04 15:50:32.000546,4568.T,2863.5
2026-04-04 15:50:32.000546,7011.T,4803.0
2026-04-04 15:50:32.000546,8035.T,38420.0
2026-04-04 17:53:23.341264,4568.T,2863.5
2026-04-04 17:53:23.341264,7011.T,4803.0
2026-04-04 17:53:23.341264,8035.T,38420.0
2026-04-04 19:48:53.444043,4568.T,2863.5
2026-04-04 19:48:53.444043,7011.T,4803.0
2026-04-04 19:48:53.444043,8035.T,38420.0
2026-04-04 21:50:06.468405,4568.T,2863.5
2026-04-04 21:50:06.468405,7011.T,4803.0
2026-04-04 21:50:06.468405,8035.T,38420.0
2026-04-04 23:50:13.192443,4568.T,2863.5
2026-04-04 23:50:13.192443,7011.T,4803.0
2026-04-04 23:50:13.192443,8035.T,38420.0
2026-04-05 05:58:39.162166,4568.T,2863.5
2026-04-05 05:58:39.162166,7011.T,4803.0
2026-04-05 05:58:39.162166,8035.T,38420.0
2026-04-05 08:05:53.202315,4568.T,2863.5
2026-04-05 08:05:53.202315,7011.T,4803.0
2026-04-05 08:05:53.202315,8035.T,38420.0
2026-04-05 10:04:41.344279,4568.T,2863.5
2026-04-05 10:04:41.344279,7011.T,4803.0
2026-04-05 10:04:41.344279,8035.T,38420.0
2026-04-05 11:47:45.551722,4568.T,2863.5
2026-04-05 11:47:45.551722,7011.T,4803.0
2026-04-05 11:47:45.551722,8035.T,38420.0
2026-04-05 14:08:10.115097,4568.T,2863.5
2026-04-05 14:08:10.115097,7011.T,4803.0
2026-04-05 14:08:10.115097,8035.T,38420.0
2026-04-05 15:51:22.969805,4568.T,2863.5
2026-04-05 15:51:22.969805,7011.T,4803.0
2026-04-05 15:51:22.969805,8035.T,38420.0
2026-04-05 17:53:46.490376,4568.T,2863.5
2026-04-05 17:53:46.490376,7011.T,4803.0
2026-04-05 17:53:46.490376,8035.T,38420.0
2026-04-05 19:52:19.756647,4568.T,2863.5
2026-04-05 19:52:19.756647,7011.T,4803.0
2026-04-05 19:52:19.756647,8035.T,38420.0
2026-04-05 21:50:29.630678,4568.T,2863.5
2026-04-05 21:50:29.630678,7011.T,4803.0
2026-04-05 21:50:29.630678,8035.T,38420.0
2026-04-05 23:55:06.262350,4568.T,2863.5
2026-04-05 23:55:06.262350,7011.T,4803.0
2026-04-05 23:55:06.262350,8035.T,38420.0
2026-04-06 06:21:06.424639,4568.T,2865.0
2026-04-06 06:21:06.424639,7011.T,4744.0
2026-04-06 06:21:06.424639,8035.T,38770.0
2026-04-06 10:40:41.441870,4568.T,2858.0
2026-04-06 10:40:41.441870,7011.T,4735.0
2026-04-06 10:40:41.441870,8035.T,
2026-04-06 14:16:10.865849,4568.T,2858.0
2026-04-06 14:16:10.865849,7011.T,4735.0
2026-04-06 14:16:10.865849,8035.T,38370.0
2026-04-06 17:31:58.761907,4568.T,2858.0
2026-04-06 17:31:58.761907,7011.T,4735.0
2026-04-06 17:31:58.761907,8035.T,38370.0
2026-04-06 20:01:50.834242,4568.T,2858.0
2026-04-06 20:01:50.834242,7011.T,4735.0
2026-04-06 20:01:50.834242,8035.T,38370.0
2026-04-06 21:58:35.857312,4568.T,2858.0
2026-04-06 21:58:35.857312,7011.T,4735.0
2026-04-06 21:58:35.857312,8035.T,38370.0
2026-04-06 23:58:14.755051,4568.T,2858.0
2026-04-06 23:58:14.755051,7011.T,4735.0
2026-04-06 23:58:14.755051,8035.T,38370.0
2026-04-07 06:07:09.357343,4568.T,2879.0
2026-04-07 06:07:09.357343,7011.T,4794.0
2026-04-07 06:07:09.357343,8035.T,38630.0
2026-04-07 10:16:05.948607,4568.T,2873.0
2026-04-07 10:16:05.948607,7011.T,4784.0
2026-04-07 10:16:05.948607,8035.T,38440.0
2026-04-07 14:58:06.733,4568.T,2873.0
2026-04-07 14:58:06.733,7011.T,4784.0
2026-04-07 14:58:06.733,8035.T,38440.0
2026-04-07 18:12:59.358936,4568.T,2873.0
2026-04-07 18:12:59.358936,7011.T,4784.0
2026-04-07 18:12:59.358936,8035.T,38440.0
2026-04-07 20:07:19.170102,4568.T,
2026-04-07 20:07:19.170102,7011.T,4784.0
2026-04-07 20:07:19.170102,8035.T,38440.0
2026-04-07 22:08:28.866357,4568.T,2873.0
2026-04-07 22:08:28.866357,7011.T,4784.0
2026-04-07 22:08:28.866357,8035.T,38440.0
2026-04-08 00:04:40.915414,4568.T,2873.0
2026-04-08 00:04:40.915414,7011.T,4784.0
2026-04-08 00:04:40.915414,8035.T,38440.0
2026-04-08 06:09:08.780352,4568.T,2855.0
2026-04-08 06:09:08.780352,7011.T,4833.0
2026-04-08 06:09:08.780352,8035.T,42190.0
2026-04-08 10:17:15.891944,4568.T,2832.5
2026-04-08 10:17:15.891944,7011.T,4850.0
2026-04-08 10:17:15.891944,8035.T,42410.0
2026-04-08 15:00:28.494384,4568.T,2832.5
2026-04-08 15:00:28.494384,7011.T,4850.0
2026-04-08 15:00:28.494384,8035.T,42410.0
2026-04-08 19:48:35.030748,4568.T,2832.5
2026-04-08 19:48:35.030748,7011.T,4850.0
2026-04-08 19:48:35.030748,8035.T,42410.0
2026-04-08 22:25:21.739679,4568.T,2832.5
2026-04-08 22:25:21.739679,7011.T,4850.0
2026-04-08 22:25:21.739679,8035.T,42410.0
2026-04-09 00:02:15.289904,4568.T,2832.5
2026-04-09 00:02:15.289904,7011.T,4850.0
2026-04-09 00:02:15.289904,8035.T,42410.0
2026-04-09 06:09:03.666174,4568.T,2822.0
2026-04-09 06:09:03.666174,7011.T,4777.0
2026-04-09 06:09:03.666174,8035.T,42040.0
2026-04-09 10:40:26.381661,4568.T,2806.5
2026-04-09 10:40:26.381661,7011.T,4781.0
2026-04-09 10:40:26.381661,8035.T,42190.0
2026-04-09 16:06:17.604292,4568.T,2806.5
2026-04-09 16:06:17.604292,7011.T,4781.0
2026-04-09 16:06:17.604292,8035.T,42190.0
2026-04-09 20:05:20.724536,4568.T,2806.5
2026-04-09 20:05:20.724536,7011.T,4781.0
2026-04-09 20:05:20.724536,8035.T,42190.0
2026-04-09 22:10:13.420976,4568.T,2806.5
2026-04-09 22:10:13.420976,7011.T,4781.0
2026-04-09 22:10:13.420976,8035.T,42190.0
